pseudo,color,text
peuxeu,#7D3C98,Les ondes nous transportent
peuxeu,#F39C12,<3 <3
blamevenus,#212F3C,On lÃ¢che rien ce soir ðŸ’ƒ
Knckz,#5DADE2,MÃªme plus envie de dormir maintenant que je sais qu'il y a fun radio
SoundHero,#33FF57,Vibes Ã  fond les ballons ðŸŽ¶
PartyKing,#2471A3,Vibes Ã  fond les ballons ðŸŽ¶
ElectroPulse,#A833FF,tracklist de bz ICI
Knckz,#884EA0,Qui a la ref du son?
HouseHero,#2471A3,Digital Mystikz PLEASE!
heizezig_,#B7950B,Jâ€™avoue pour chiller sur flight sim Ã§a le fait
UltraVibes,#6E2C00,Digital Mystikz PLEASE!
DreamBass,#FFC300,merci kalee pour cocoon de 070 shake
SoundWaver,#5733FF,MÃªme plus envie de dormir maintenant que je sais qu'il y a fun radio
VibeSensation,#5DADE2,Fallait bien du gros son qui remet les pieds sur terre
VibeBooster,#AED6F1,Encore un set comme Ã§a stp
DropMaster,#33FF57,Chill total sur ce son
LightItUp,#5733FF,Qui a la ref du son?
SilentParty,#B7950B,Chill total sur ce son
travail_d_3arbi,#D35400,On saute partout ðŸš€
cyril2latentation,#5733FF,call it DubStepppppppp !!!!!
SoundHero,#7D3C98,Digital Mystikz PLEASE!
SoundWaver,#7FB3D5,call it DubStepppppppp !!!!!
SoundHero,#C70039,tracklist de bz ICI
ElectroKnight,#B03A2E,C'est quoi ce banger!!!
NightPulse,#9B59B6,Chill total sur ce son
BeatHunter,#1F618D,DJ mode lÃ©gendaire
travail_d_3arbi,#7DCEA0,Jâ€™ai plus envie de dormir lÃ 
BeatHunter,#3498DB,Les voisins s'Ã©nervent dÃ©jÃ  ðŸ˜‚
DuyGebord,#D5DBDB,Jâ€™avoue pour chiller sur flight sim Ã§a le fait
ChillKing,#B03A2E,Mala - Changes
RushVibes,#A833FF,Chill total sur ce son
JumpingManiac,#C70039,En boucle depuis 2h ðŸ”¥
juancastroflex,#B03A2E,Taaa DA daaa KulÃ©Ã©Ã© Makronnn TaDadaaaa
JumpingManiac,#AED6F1,DJ mode lÃ©gendaire
travail_d_3arbi,#212F3C,Vibes Ã  fond les ballons ðŸŽ¶
ElectroPulse,#E59866,Taaa DA daaa KulÃ©Ã©Ã© Makronnn TaDadaaaa
NightPulse,#2E4053,On lÃ¢che rien ce soir ðŸ’ƒ
peuxeu,#DAF7A6,Mala - Changes
NightOwl,#9C640C,Le feu sur le dancefloor ðŸ”¥ðŸ”¥ðŸ”¥
Lautreula,#581845,Encore un set comme Ã§a stp
2bouldash,#82E0AA,MÃªme plus envie de dormir maintenant que je sais qu'il y a fun radio
nightMaster,#B9770E,GlitchLit
BassMachine,#3498DB,Enorme le drop
BassRider,#A04000,Taaa DA daaa KulÃ©Ã©Ã© Makronnn TaDadaaaa
BeatHunter,#5DADE2,On saute partout ðŸš€
SoundHero,#AED6F1,Le feu sur le dancefloor ðŸ”¥ðŸ”¥ðŸ”¥
cyril2latentation,#3498DB,Tout pour le fun
travail_d_3arbi,#C0392B,Les ondes nous transportent
GrooveAddict,#7DCEA0,kaleevCool
TwerkHero,#EC7063,Le feu sur le dancefloor ðŸ”¥ðŸ”¥ðŸ”¥
SoulGroover,#7D3C98,On lÃ¢che rien ce soir ðŸ’ƒ
BassMachine,#A04000,tracklist de bz ICI
HouseHero,#C70039,emmodeDance emmodeDance emmodeDance
nightMaster,#2980B9,Vibes Ã  fond les ballons ðŸŽ¶
NightPulse,#A833FF,MÃªme plus envie de dormir maintenant que je sais qu'il y a fun radio
vince1597,#C70039,Le drop est fou!!!
BeatHunter,#5DADE2,C'est quoi ce banger!!!
RushVibes,#AED6F1,call it DubStepppppppp !!!!!
Zie/Otherdovasagi,#884EA0,Jâ€™avoue pour chiller sur flight sim Ã§a le fait
DanceMachine,#1F618D,Mala - Changes
TwerkHero,#A833FF,du trÃ©Ã©Ã©Ã©Ã© bon son mon couillon
ElectroKnight,#AED6F1,Le drop est fou!!!
EnergyBooster,#C70039,Encore un peu plus de basses ðŸ˜ˆ
VibeBooster,#45B39D,On en veut plus!
MegaGroove,#DAF7A6,Enorme le drop
EnergyBooster,#A04000,MÃªme plus envie de dormir maintenant que je sais qu'il y a fun radio
SoundBlaster,#581845,<3 <3
electroVibes,#B03A2E,tracklist de bz ICI
SoundWaver,#F7DC6F,Les voisins s'Ã©nervent dÃ©jÃ  ðŸ˜‚
Lautreula,#F39C12,Encore un peu plus de basses ðŸ˜ˆ
heizezig_,#F7DC6F,<3 <3
BassRider,#EC7063,Fallait bien du gros son qui remet les pieds sur terre
travail_d_3arbi,#7DCEA0,Les ondes nous transportent
heizezig_,#1ABC9C,C'est quoi ce banger!!!
juancastroflex,#581845,Encore un peu plus de basses ðŸ˜ˆ
DanceMachine,#F7DC6F,Jâ€™ai plus envie de dormir lÃ 
Zie/Otherdovasagi,#C70039,Qui a la ref du son?
LightItUp,#33CFFF,merci kalee pour cocoon de 070 shake
DanceMachine,#6E2C00,Jâ€™avoue pour chiller sur flight sim Ã§a le fait
DropMaster,#C70039,On saute partout ðŸš€
VibraDancer,#FF5733,En boucle depuis 2h ðŸ”¥
electroVibes,#2980B9,tracklist de bz ICI
HouseHero,#B9770E,Qui a la ref du son?
MixMaster,#884EA0,<3 <3
ElectroPulse,#9B59B6,Jâ€™avoue pour chiller sur flight sim Ã§a le fait
DuyGebord,#7E5109,Le feu sur le dancefloor ðŸ”¥ðŸ”¥ðŸ”¥
MegaGroove,#2ECC71,Fallait bien du gros son qui remet les pieds sur terre
vince1597,#E74C3C,Enorme le drop
MegaGroove,#85C1E9,On saute partout ðŸš€
BassMachine,#FF5733,Vibes Ã  fond les ballons ðŸŽ¶
JumpingManiac,#2980B9,Digital Mystikz PLEASE!
WaveMachine,#C70039,Qui a la ref du son?
TranceLover,#581845,Incroyable cette vibe
hbklive,#FFC300,Incroyable cette vibe
ChillKing,#900C3F,On en veut plus!
Lautreula,#2980B9,Le drop est fou!!!
Lautreula,#F39C12,merci kalee pour cocoon de 070 shake
peuxeu,#C70039,Les ondes nous transportent
PartyWizard,#E59866,Encore un set comme Ã§a stp
RushVibes,#7E5109,Digital Mystikz PLEASE!
DuyGebord,#45B39D,Incroyable cette vibe
LaReineLaaren,#8E44AD,Digital Mystikz PLEASE!
travail_d_3arbi,#E74C3C,Mala - Changes
SoundWaver,#B9770E,emmodeDance emmodeDance emmodeDance
SoundWaver,#7D3C98,On en veut plus!
MegaGroove,#FF5733,emmodeDance emmodeDance emmodeDance
GrooveAddict,#45B39D,Les voisins s'Ã©nervent dÃ©jÃ  ðŸ˜‚
EnergyBooster,#D7BDE2,Chill total sur ce son
NightQueen,#A04000,Fallait bien du gros son qui remet les pieds sur terre
SoundHero,#AED6F1,Incroyable cette vibe
EnergyBooster,#FF5733,Incroyable cette vibe
MegaGroove,#9C640C,Mala - Changes
blamevenus,#7FB3D5,MÃªme plus envie de dormir maintenant que je sais qu'il y a fun radio
WaveMachine,#1F618D,Vibes Ã  fond les ballons ðŸŽ¶
VibeSensation,#B03A2E,Jâ€™ai plus envie de dormir lÃ 
NightPulse,#2980B9,c pas skream?
2bouldash,#45B39D,DJ mode lÃ©gendaire
MixMaster,#7D3C98,En boucle depuis 2h ðŸ”¥
PartyWizard,#5733FF,Taaa DA daaa KulÃ©Ã©Ã© Makronnn TaDadaaaa
GrooveAddict,#33CFFF,En boucle depuis 2h ðŸ”¥
DreamBass,#900C3F,On lÃ¢che rien ce soir ðŸ’ƒ
Knckz,#7D3C98,tracklist de bz ICI
juancastroflex,#B03A2E,Les ondes nous transportent
RushVibes,#2ECC71,Les ondes nous transportent
NightQueen,#581845,merci kalee pour cocoon de 070 shake
Foxhan,#E59866,MÃªme plus envie de dormir maintenant que je sais qu'il y a fun radio
NightPulse,#B7950B,call it DubStepppppppp !!!!!
RushVibes,#C0392B,Enorme le drop
BassMachine,#C0392B,Le drop est fou!!!
DropHunter,#2471A3,Qui a la ref du son?
heizezig_,#C70039,On en veut plus!
VibeBooster,#33FF57,Qui a la ref du son?
BeatHunter,#9C640C,Currently crying over the chicken
2bouldash,#1F618D,C'est quoi ce banger!!!
SilentParty,#900C3F,On saute partout ðŸš€
UltraVibes,#D35400,On en veut plus!
DanceMachine,#A3E4D7,On en veut plus!
KaLeeVision,#9C640C,du trÃ©Ã©Ã©Ã©Ã© bon son mon couillon
DanceMachine,#85C1E9,Direct dans ma playlist
MixMaster,#AF7AC5,Taaa DA daaa KulÃ©Ã©Ã© Makronnn TaDadaaaa
BeatSlayer,#7DCEA0,Incroyable cette vibe
ClubRider,#D35400,c pas skream?
BassRider,#33FF57,Fallait bien du gros son qui remet les pieds sur terre
SoundWaver,#9C640C,du trÃ©Ã©Ã©Ã©Ã© bon son mon couillon
heizezig_,#33CFFF,<3 <3
NightRaver,#2471A3,MÃªme plus envie de dormir maintenant que je sais qu'il y a fun radio
TranceLover,#B03A2E,En boucle depuis 2h ðŸ”¥
UltraVibes,#DAF7A6,Enorme le drop
VibeSensation,#A833FF,Fallait bien du gros son qui remet les pieds sur terre
travail_d_3arbi,#884EA0,GlitchLit
hbklive,#5733FF,En boucle depuis 2h ðŸ”¥
SoulGroover,#7D3C98,Encore un peu plus de basses ðŸ˜ˆ
VibeBooster,#33CFFF,tracklist de bz ICI
ElectroPulse,#F39C12,Incroyable cette vibe
LightItUp,#B7950B,Jâ€™avoue pour chiller sur flight sim Ã§a le fait
NightRaver,#33FF57,Taaa DA daaa KulÃ©Ã©Ã© Makronnn TaDadaaaa
PartyWizard,#33FF57,Qui a la ref du son?
BassMachine,#6E2C00,c pas skream?
VibraDancer,#45B39D,On saute partout ðŸš€
NightOwl,#900C3F,du trÃ©Ã©Ã©Ã©Ã© bon son mon couillon
BassRider,#E59866,Currently crying over the chicken
SilentParty,#581845,Encore un set comme Ã§a stp
MusicBlaster,#DAF7A6,Mala - Changes
PartyWizard,#B03A2E,Mala - Changes
NightOwl,#D35400,Les ondes nous transportent
TwerkHero,#212F3C,En boucle depuis 2h ðŸ”¥
VibraDancer,#85C1E9,C'est quoi ce banger!!!
travail_d_3arbi,#7FB3D5,Currently crying over the chicken
MegaGroove,#FF33A8,Encore un set comme Ã§a stp
PartyKing,#FFC300,Tout pour le fun
BassMachine,#3498DB,Fallait bien du gros son qui remet les pieds sur terre
TwerkHero,#45B39D,GlitchLit
VibeSensation,#AED6F1,DJ mode lÃ©gendaire
electroVibes,#7D3C98,Chill total sur ce son
hbklive,#85C1E9,kaleevCool
vince1597,#9B59B6,Le drop est fou!!!
KaLeeVision,#E74C3C,Incroyable cette vibe
RushVibes,#9C640C,emmodeDance emmodeDance emmodeDance
TwerkHero,#A3E4D7,tracklist de bz ICI
VibraDancer,#3498DB,Digital Mystikz PLEASE!
nightMaster,#D5DBDB,du trÃ©Ã©Ã©Ã©Ã© bon son mon couillon
peuxeu,#C70039,MÃªme plus envie de dormir maintenant que je sais qu'il y a fun radio
JumpingManiac,#D35400,du trÃ©Ã©Ã©Ã©Ã© bon son mon couillon
LaReineLaaren,#3498DB,MÃªme plus envie de dormir maintenant que je sais qu'il y a fun radio
TwerkHero,#7D3C98,Jâ€™avoue pour chiller sur flight sim Ã§a le fait
DreamBass,#5733FF,Encore un set comme Ã§a stp
alkhazim,#1F618D,merci kalee pour cocoon de 070 shake
MegaGroove,#581845,Chill total sur ce son
vince1597,#7D3C98,Les ondes nous transportent
blamevenus,#5733FF,DJ mode lÃ©gendaire
cyril2latentation,#33FF57,Enorme le drop
VibeSensation,#1ABC9C,On en veut plus!
SoundWaver,#2980B9,Enorme le drop
DuyGebord,#8E44AD,Encore un peu plus de basses ðŸ˜ˆ
ChillKing,#33FF57,En boucle depuis 2h ðŸ”¥
vince1597,#7E5109,MÃªme plus envie de dormir maintenant que je sais qu'il y a fun radio
Knckz,#9B59B6,Incroyable cette vibe
hbklive,#2980B9,Jâ€™ai plus envie de dormir lÃ 
ClubRider,#2980B9,DJ mode lÃ©gendaire
RaveAddict,#A833FF,Incroyable cette vibe
